{"Unnamed: 0":{"0":"Production Qty","1":"BOM Material Cost","2":"PAC","3":"Material Cost","4":"vs BOM","5":"PO Price Change","6":"Substitute Change","7":"Overhead Material Cost","8":"Defect Material Cost"},"`22.03":{"0":null,"1":null,"2":null,"3":null,"4":null,"5":null,"6":null,"7":null,"8":null},"`22.04":{"0":null,"1":null,"2":null,"3":null,"4":null,"5":null,"6":null,"7":null,"8":null},"`22.05":{"0":null,"1":null,"2":null,"3":null,"4":null,"5":null,"6":null,"7":null,"8":null},"`22.06":{"0":null,"1":null,"2":null,"3":null,"4":null,"5":null,"6":null,"7":null,"8":null},"`22.07":{"0":null,"1":null,"2":null,"3":null,"4":null,"5":null,"6":null,"7":null,"8":null},"`22.08":{"0":null,"1":null,"2":null,"3":null,"4":null,"5":null,"6":null,"7":null,"8":null},"`22.09":{"0":4547.0,"1":222.7097569422,"2":237.28367,"3":226.6772016741,"4":3.9674447319,"5":null,"6":null,"7":9.8721188371,"8":0.8111167616},"`22.10":{"0":5958.0,"1":209.820215744,"2":235.4108,"3":223.4815562993,"4":13.6613405553,"5":null,"6":null,"7":8.151803131,"8":2.6189279135},"`22.11":{"0":6586.0,"1":204.1295763251,"2":230.32632,"3":217.7962964423,"4":13.6667201172,"5":12.4570240291,"6":1.44206408,"7":9.6639325783,"8":1.6897728776},"`22.12":{"0":7034.0,"1":202.9155597057,"2":225.28536,"3":214.238142978,"4":11.3225832723,"5":8.4292826998,"6":1.7151635439,"7":9.1734458598,"8":1.3709389084},"'23.01":{"0":12275.0,"1":210.3472097062,"2":219.30766,"3":207.9605562427,"4":-2.3866534635,"5":-1.15,"6":-0.5,"7":10.3978634676,"8":0.4278790818},"'23.02":{"0":8382.0,"1":216.6605,"2":220.78319,"3":209.2702403991,"4":-7.3902596009,"5":-6.07,"6":-1.1,"7":10.0627480085,"8":1.2616872942},"'23.04 W2":{"0":6892.0,"1":210.89,"2":223.09595,"3":210.6183835733,"4":-0.2716164267,"5":0.24,"6":-0.72,"7":10.6873953613,"8":1.575192231},"'23.04 W3":{"0":6892.0,"1":208.32,"2":223.09595,"3":210.6183835733,"4":2.2983835733,"5":2.39,"6":0.31,"7":10.6873953613,"8":1.575192231},"'23.04 W3.1":{"0":6892.0,"1":207.02,"2":223.09595,"3":210.6183835733,"4":3.5983835733,"5":6.47,"6":-2.71,"7":10.6873953613,"8":1.575192231}}